<?xml version="1.0" encoding="UTF-8"?>
<beans xmlns="http://www.springframework.org/schema/beans"
			 xmlns:xsi="http://www.w3.org/2001/XMLSchema-instance"
			 xmlns:context="http://www.springframework.org/schema/context"
			 xmlns:tx="http://www.springframework.org/schema/tx"
			 xmlns:jee="http://www.springframework.org/schema/jee"
			 xsi:schemaLocation="http://www.springframework.org/schema/jee http://www.springframework.org/schema/jee/spring-jee-3.1.xsd
		http://www.springframework.org/schema/beans http://www.springframework.org/schema/beans/spring-beans.xsd
		http://www.springframework.org/schema/tx http://www.springframework.org/schema/tx/spring-tx-3.1.xsd
		http://www.springframework.org/schema/context http://www.springframework.org/schema/context/spring-context-3.1.xsd">


	<!--<jee:jndi-lookup id="dataSource" jndi-name="jdbc/ifarms"/>-->


	<bean id="dataSource" class="org.apache.commons.dbcp.BasicDataSource" destroy-method="close">
		<property name="driverClassName" value="core.log.jdbc.driver.MysqlDriver"/>
		<!--<property name="url" value="jdbc:mysql://127.0.0.1:3306/kippa"/>-->
		<property name="url" value="jdbc:mysql://221.143.21.225:3306/kippa"/>
		<property name="validationQuery" value="select 1 from dual" />
		<property name="testWhileIdle" value="true" />
		<property name="minEvictableIdleTimeMillis" value="3600000" />
		<property name="timeBetweenEvictionRunsMillis" value="60000" />
		<property name="username" value="root"/>
		<property name="password" value="kippakippa1226"/>
		<!--<property name="password" value="9531nano@"/>-->
		<!--<property name="username" value="root"/>-->
		<!--<property name="password" value="9531nano@"/>-->
	</bean>

</beans>