<?xml version="1.0" encoding="UTF-8" ?>
<!DOCTYPE mapper PUBLIC "-//mybatis.org//DTD mapper 3.0//EN" "http://mybatis.org/dtd/mybatis-3-mapper.dtd">

<mapper namespace="com.hs.web.mapper.PCMapper">

  <sql id="listConditions">
    WHERE 1=1
    <if test='sch_codegroup != null and sch_codegroup != ""'>
      AND A.codegroup  LIKE CONCAT('%', #{sch_codegroup},'%')
    </if>
    <if test='sch_uppercode != null and sch_uppercode != ""'>
      AND A.uppercode  LIKE CONCAT('%', #{sch_uppercode},'%')
    </if>
    <if test='sch_code != null and sch_code != ""'>
      AND A.code  LIKE CONCAT('%', #{sch_code},'%')
    </if>
    <if test='sch_codename != null and sch_codename != ""'>
      AND A.codename  LIKE CONCAT('%', #{sch_codename},'%')
    </if>
  </sql>

  <select id="list" parameterType="dbmap" resultType="dbmap">
    <include refid="com.hs.web.mapper.paging_start"/>
    SELECT
      A.big_addr,
      A.middle_addr,
      A.small_addr,
      A.road_addr,
      A.dong_addr
    FROM addressrange A
    <include refid="com.hs.web.mapper.PCMapper.listConditions"/>
    ORDER BY A.big_addr
    <include refid="com.hs.web.mapper.paging_end"/>
  </select>

  <select id="codeList" parameterType="dbmap" resultType="dbmap">

    SELECT
      A.index,
      A.codegroup,
      A.code,
      A.codename,
      A.uppercode,
      A.ord
    FROM addressrange A
    <include refid="com.hs.web.mapper.PCMapper.listConditions"/>
    ORDER BY A.ord

  </select>

  <!--시도 셀렉트-->
  <select id="codeListBig" parameterType="dbmap" resultType="dbmap">
    SELECT big_addr
    FROM addressrange
    GROUP BY big_addr
    ORDER BY big_addr
  </select>

  <!--군구 셀렉트-->
  <select id="codeListMid" parameterType="dbmap" resultType="dbmap">
    SELECT
        big_addr,
        middle_addr,
        small_addr,
        road_addr,
        dong_addr,
        post_number,
        road_code,
        dong_code
    FROM addressrange
    WHERE big_addr LIKE CONCAT(#{big_addr},'%')
    GROUP BY middle_addr
    ORDER BY middle_addr
  </select>

  <!--읍면동 셀렉트-->
  <select id="codeListDong" parameterType="dbmap" resultType="dbmap">
    SELECT
        A.big_addr,
        A.middle_addr,
        A.small_addr,
        A.road_addr,
        A.dong_addr,
        A.post_number,
        A.road_code,
        A.dong_code
    FROM addressrange A
    WHERE A.big_addr LIKE CONCAT('%',  #{big_addr},'%') AND A.middle_addr LIKE CONCAT('%',  #{middle_addr},'%')
          AND A.small_addr is not NULL
    GROUP BY A.small_addr,A.dong_addr
  </select>

  <!--도로명 셀렉트-->
  <select id="codeListRo" parameterType="dbmap" resultType="dbmap">
    SELECT
        A.big_addr,
        A.middle_addr,
        A.small_addr,
        A.road_addr,
        A.dong_addr,
        A.post_number,
        A.road_code,
        A.dong_code
    FROM addressrange A
    WHERE A.big_addr LIKE CONCAT('%', #{big_addr},'%') AND middle_addr LIKE CONCAT('%', #{middle_addr},'%')
    GROUP BY A.road_addr
    ORDER BY A.road_addr
  </select>

  <select id="listCnt" parameterType="dbmap" resultType="int">
    SELECT COUNT(*) AS cnt
    FROM addressrange A
    <include refid="com.hs.web.mapper.PCMapper.listConditions"/>
  </select>

  <select id="idCheck" parameterType="dbmap" resultType="int">
    SELECT COUNT(*) AS cnt
    FROM addressrange A
      WHERE 1=1 AND deleteyn = 0 AND A.memberid  = #{memberid}
  </select>

  <select id="idPwCheck" parameterType="dbmap" resultType="int">
    SELECT COUNT(*) AS cnt
    FROM addressrange A
    WHERE A.memberid  = #{memberid} AND  A.password  = #{password} AND deleteyn = 0
  </select>

    <select id="idPwDelChk" parameterType="dbmap" resultType="int">
        SELECT COUNT(*) AS cnt
        FROM addressrange A
        WHERE A.memberid  = #{memberid} AND  A.password  = #{password} AND deleteyn = 1
    </select>

  <select id="detail" parameterType="dbmap" resultType="dbmap">
    SELECT
        A.memberid,
        A.password,
        A.grade,
        A.gubun,
        A.openflag,
        A.name,
        A.telephone,
        A.handphone,
        A.address,
        A.address_etc,
        A.introduce,
        A.latitude,
        A.longitude,
        A.deleteyn,
        A.lastconnecttime,
      DATE_FORMAT( A.usestartdate,'%Y.%m.%d') "usestartdate",
      DATE_FORMAT( A.useenddate,'%Y.%m.%d') "useenddate",
      DATE_FORMAT( A.regtime,'%Y.%m.%d') "regtime"
    FROM member A
    WHERE 1=1 AND A.memberid = #{memberid}
  </select>

  <insert id="insert" parameterType="dbmap">
    INSERT INTO member (
      memberid,
      password,
      grade,
      gubun,
      openflag,
      name,
      telephone,
      handphone,
      address,
      address_etc,
      introduce,
      latitude,
      longitude,
      usestartdate,
      useenddate,
      deleteyn,
      lastconnecttime,
      regtime
    )
    VALUES (
      #{memberid},
      #{password},
      #{grade},
      #{gubun},
      #{openflag},
      #{name},
      #{telephone},
      #{handphone},
      #{address},
      #{address_etc},
      #{introduce},
      #{latitude},
      #{longitude},
      #{usestartdate},
      #{useenddate},
      #{deleteyn},
      #{lastconnecttime},
      DATE_FORMAT(NOW()+0,'%Y%m%d%H%i%s')
    )
    <selectKey resultType="int" keyProperty="memberid" order="AFTER">
      SELECT LAST_INSERT_ID()
    </selectKey>
  </insert>

  <update id="changePwd" parameterType="dbmap">
    UPDATE member SET password = #{newPassword}
    WHERE 1=1
    AND memberid = #{memberid}
  </update>


  <update id="update" parameterType="dbmap">
    UPDATE member
    <set>
      <if test='memberid != null and memberid != ""'>memberid= #{memberid},</if>
      <if test='password != null and password != ""'>password= #{password},</if>
      <if test='grade != null and grade != ""'>grade= #{grade},</if>
      <if test='gubun != null and gubun != ""'>gubun= #{gubun},</if>
      <if test='openflag != null and openflag != ""'>openflag= #{openflag},</if>
      <if test='name != null and name != ""'>name= #{name},</if>
      <if test='telephone != null and telephone != ""'>telephone= #{telephone},</if>
      <if test='handphone != null and handphone != ""'>handphone= #{handphone},</if>
      <if test='addressrange != null and addressrange != ""'>address= #{address},</if>
      <if test='address_etc != null and address_etc != ""'>address_etc= #{address_etc},</if>
      <if test='introduce != null and introduce != ""'>introduce= #{introduce},</if>
      <if test='latitude != null and latitude != ""'>latitude= #{latitude},</if>
      <if test='longitude != null and longitude != ""'>longitude= #{longitude},</if>
      <if test='usestartdate != null and usestartdate != ""'>usestartdate= #{usestartdate},</if>
      <if test='useenddate != null and useenddate != ""'>useenddate= #{useenddate},</if>
      <if test='deleteyn != null and deleteyn != ""'>deleteyn= #{deleteyn},</if>
      <if test='lastconnecttime != null and lastconnecttime != ""'>lastconnecttime= #{lastconnecttime},</if>
      <if test='regtime != null and regtime != ""'>regtime= DATE_FORMATNOW()+0,'%Y%m%d%H%i%s')</if>
    </set>
    WHERE 1=1
    AND memberid = #{memberid}
  </update>

  <update id="updateHitcount" parameterType="dbmap">
    UPDATE member
    set hitcount = hitcount+1
    WHERE 1=1
    AND memberid = #{memberid}
  </update>


  <delete id="delete" parameterType="dbmap">
    UPDATE member
    SET deleteyn	 = 1
    WHERE 1=1
    AND memberid = #{memberid}

  </delete>


    <delete id="restore" parameterType="dbmap">
        UPDATE member
        SET deleteyn	 = 0
        WHERE 1=1
        AND memberid = #{memberid}

    </delete>


  <update id="initailizePwd" parameterType="dbmap">
    UPDATE member
    SET password= '1234'
    WHERE 1=1
    AND memberid = #{memberid}
  </update>

  <select id="searchMember" parameterType="dbmap" resultType="dbmap">
    SELECT
        memberid,
        password,
        grade,
        gubun,
        openflag,
        name,
        telephone,
        handphone,
        address,
        address_etc,
        introduce,
        latitude,
        longitude,
        usestartdate,
        useenddate,
        deleteyn,
        lastconnecttime,
        regtime
    FROM member
    WHERE  TRIM(LEFT(address, LOCATE(' ',address) -1)) LIKE CONCAT(#{addrSidoStr}, '%')
    <if test='addrLastStr != null and addrLastStr != ""'>
      AND SUBSTRING(address, LOCATE(' ',address) + 1) LIKE CONCAT(#{addrLastStr}, '%')
    </if>
    <if test='addrLastStr == null or addrLastStr == ""'>

    </if>

    <if test='gubun != null and gubun != "" and gubun != "0"'>AND gubun = #{gubun}</if>
    <if test='gubun == null or gubun == "" or gubun == "0"'>AND gubun in('1','2')</if>
      AND deleteyn = 0
      <if test='label != null and label != "" and label == "Y"'>
          UNION SELECT
          memberid,
          password,
          grade,
          gubun,
          openflag,
          name,
          telephone,
          handphone,
          address,
          address_etc,
          introduce,
          latitude,
          longitude,
          usestartdate,
          useenddate,
          deleteyn,
          lastconnecttime,
          regtime
          where address like CONCAT(#{addrSidoStr},'%',#{addrLastStr}, '%')

      </if>
  </select>

  <select id="searchByName" parameterType="dbmap" resultType="dbmap">
    SELECT
        memberid,
        password,
        grade,
        gubun,
        openflag,
        name,
        telephone,
        handphone,
        address,
        address_etc,
        introduce,
        latitude,
        longitude,
        usestartdate,
        useenddate,
        deleteyn,
        lastconnecttime,
        regtime
    FROM member
    WHERE name LIKE CONCAT('%', #{nameStr}, '%')
          AND deleteyn = 0
  </select>



</mapper>