<?xml version="1.0" encoding="UTF-8"?>
<configuration>

	<!-- Appenders -->
	<appender name="console" class="ch.qos.logback.core.ConsoleAppender">    
      	<encoder>
        	<pattern>[%-5level] %d{HH:mm:ss.SSS} [%thread] %logger{36} - %msg%n</pattern>
       	</encoder>
    </appender>
	
	<appender name="debug" class="ch.qos.logback.core.rolling.RollingFileAppender">   
		<filter class="ch.qos.logback.classic.filter.ThresholdFilter">
	      <level>DEBUG</level>
	    </filter>
		<prudent>false</prudent>
		<file>/logs/debug.log</file>
       	<rollingPolicy class="ch.qos.logback.core.rolling.TimeBasedRollingPolicy">
            <fileNamePattern>/logs/old/debug.%d{yyyy-MM-dd}.log</fileNamePattern>
            <maxHistory>30</maxHistory> 
       	</rollingPolicy>
       	<encoder>
        	<pattern>[%-5level] %d{HH:mm:ss.SSS} %logger{36} - %msg%n</pattern>
       	</encoder>
 	</appender>
 	
 	<appender name="info" class="ch.qos.logback.core.rolling.RollingFileAppender"> 
 		<filter class="ch.qos.logback.classic.filter.ThresholdFilter">
	      <level>INFO</level>
	    </filter>
       	<prudent>false</prudent>
       	<file>/logs/info.log</file>
       	<rollingPolicy class="ch.qos.logback.core.rolling.TimeBasedRollingPolicy">
            <fileNamePattern>/logs/old/info.%d{yyyy-MM-dd}.log</fileNamePattern>
            <maxHistory>30</maxHistory> 
       	</rollingPolicy>
       	<encoder>
        	<pattern>[%-5level] %d{HH:mm:ss.SSS} %logger{36} - %msg%n</pattern>
       	</encoder>
 	</appender>
 	<appender name="error" class="ch.qos.logback.core.rolling.RollingFileAppender">   
 		<filter class="ch.qos.logback.classic.filter.ThresholdFilter">
	      <level>ERROR</level>
	    </filter>  
       	<prudent>false</prudent>
       	<file>/logs/error.log</file>
       	<rollingPolicy class="ch.qos.logback.core.rolling.TimeBasedRollingPolicy">
            <fileNamePattern>/logs/old/error.%d{yyyy-MM-dd}.log</fileNamePattern>
            <maxHistory>30</maxHistory> 
       	</rollingPolicy>
       	<encoder>
        	<pattern>[%-5level] %d{HH:mm:ss.SSS} %logger{36} - %msg%n</pattern>
       	</encoder>
 	</appender>
 	
	
	
	<!-- Application Loggers -->
	<logger name="com.hs" level="debug">
	</logger>


     3rdparty Loggers
	<logger name="org.springframework.core" level="debug">
	</logger>
	<logger name="org.springframework.beans" level="debug">
	</logger>
	<logger name="org.springframework.context" level="debug">
	</logger>
	<logger name="org.springframework.web" level="debug">
	</logger>
	
	<logger name="java.sql.Connection" level="debug">
	</logger>
	<logger name="java.sql.Statement" level="debug">
	</logger>
	<logger name="java.sql.PreparedStatement" level="debug">
	</logger>
	
	
	<!-- Root Logger -->
	<root level="warn">
		<appender-ref ref="console" />
		<!--<appender-ref ref="debug" />-->
		<!--<appender-ref ref="info" />-->
		<appender-ref ref="error" />
	</root>

	<root level="info">
		<!--<appender-ref ref="console" />-->
		<appender-ref ref="debug" />
		<appender-ref ref="info" />
		<!--<appender-ref ref="error" />-->
	</root>
	
</configuration>