<?xml version="1.0" encoding="UTF-8"?>
<beans:beans xmlns="http://www.springframework.org/schema/mvc"
			 xmlns:xsi="http://www.w3.org/2001/XMLSchema-instance"
			 xmlns:beans="http://www.springframework.org/schema/beans"
						 xmlns:tx="http://www.springframework.org/schema/tx"
			 xmlns:context="http://www.springframework.org/schema/context"
			 xsi:schemaLocation="http://www.springframework.org/schema/mvc http://www.springframework.org/schema/mvc/spring-mvc.xsd
		http://www.springframework.org/schema/beans http://www.springframework.org/schema/beans/spring-beans.xsd
		http://www.springframework.org/schema/tx http://www.springframework.org/schema/tx/spring-tx-3.1.xsd
		http://www.springframework.org/schema/context http://www.springframework.org/schema/context/spring-context.xsd">

	<beans:import resource="config/context-*.xml"/>

	 <!--interceptor-->
	<interceptors>
		<interceptor>
			<mapping path="/**"/>
			<exclude-mapping path="/"/>
			<exclude-mapping path="/login"/>
			<exclude-mapping path="/login/*"/>
			<exclude-mapping path="/noauth"/>
			<exclude-mapping path="/common/*"/>
			<exclude-mapping path="/common/*/*"/>
			<exclude-mapping path="/test/*"/>
			<exclude-mapping path="/print/*"/>
			<exclude-mapping path="/main/*"/>
			<exclude-mapping path="/main/*/*"/>
			<exclude-mapping path="/notice/*"/>
			<exclude-mapping path="/notice/*/*"/>
			<exclude-mapping path="/m_login/*"/>
			<exclude-mapping path="/m_login/*/*"/>
			<exclude-mapping path="/pc_login"/>
			<exclude-mapping path="/pc_login/*"/>
			<exclude-mapping path="/pc_login/*/*"/>
			<exclude-mapping path="/pc"/>
			<exclude-mapping path="/pc/*"/>
			<exclude-mapping path="/pc/*/*"/>
			<exclude-mapping path="/member/memberLogin"/>
			<exclude-mapping path="/member/memberLogout"/>
			<exclude-mapping path="/app"/>
			<exclude-mapping path="/app/*"/>
			<exclude-mapping path="/app/*/*"/>
			<exclude-mapping path="/history/detail"/>
			<exclude-mapping path="/history/write"/>

			<beans:bean class="com.hs.web.interceptor.LoginCheckInterceptor"/>
		</interceptor>
	</interceptors>

<!--	<interceptors>
		<interceptor>
			&lt;!&ndash;<mapping path="/upload/**" />&ndash;&gt;
			&lt;!&ndash;<mapping path="/upload/**/**/**/**" />&ndash;&gt;
			<mapping path="/upload/*/*/*/*/*" />
			<beans:bean class="com.hs.web.interceptor.ImgChkInterceptor" />
		</interceptor>
	</interceptors>-->

	<beans:bean id="multipartResolver" class="org.springframework.web.multipart.commons.CommonsMultipartResolver">
		<beans:property name="maxUploadSize" value="500000000" />
		<beans:property name="maxInMemorySize" value="500000000" />
	</beans:bean>

	<beans:bean id="jsonView" class="org.springframework.web.servlet.view.json.MappingJacksonJsonView" />
	<beans:bean class="org.springframework.web.servlet.view.BeanNameViewResolver" />


	<beans:bean name="excelView" class="com.hs.web.ExcelView"/>

	<resources mapping="/resources/**" location="/resources/" />
	<resources mapping="/css/**" location="/css/" />
	<resources mapping="/js/**" location="/js/" />
	<resources mapping="/fonts/**" location="/fonts/" />

	<beans:bean class="org.springframework.web.servlet.view.InternalResourceViewResolver">
		<beans:property name="prefix" value="/WEB-INF/views/" />
		<beans:property name="suffix" value=".jsp" />
	</beans:bean>



  <!--ie에서 json파일을 다운로드 하는 문제 수정-->
	<annotation-driven >
		<message-converters>
			<beans:bean class="org.springframework.http.converter.json.MappingJacksonHttpMessageConverter">
				<beans:property name="supportedMediaTypes" value="text/plain;charset=UTF-8"/>
			</beans:bean>
		</message-converters>

	</annotation-driven>

	<context:annotation-config/>

	<context:component-scan base-package="com.hs.web" />

	<beans:bean id="txManager2" class="org.springframework.jdbc.datasource.DataSourceTransactionManager">
		<beans:property name="dataSource" ref="dataSource"/>
	</beans:bean>

	<tx:annotation-driven transaction-manager="txManager2"/>

</beans:beans>
